id,recruiter_id,message,accepted
28018,23,"<p>Hi talentname,</p><p>Just wanted to have the interview recorded on our system too! :) </p><p>Best,</p><p>recruitername </p>",1
26194,23,"<p>Hi talentname,</p><p>​We are looking for a VP of Engineering, who could grow into a CTO. Currently our team is just four developers, but this will increase as we continue to grow over the coming year. </p><p>One concern I had was that you don't have experience with Ruby. Do you see that as an obstacle? </p><p>Best,</p><p>recruitername </p>",1
26305,23,"<p>Hi talentname,</p><p>Thomas speaks very highly of you! :) </p><p>Would you be interested in chatting about a BE position with the opportunity to grow into lead? </p><p><span style=""font-size: 0.875rem;"">Best,</span><br></p><p>recruitername</p>",1
26193,23,"<p>Hi talentname,</p><p>​We are looking for a VP of Engineering, who could grow into a CTO. Currently our team is just four developers, but this will increase as we continue to grow over the coming year. </p><p>As a first step, I would love to have a quick chat with you to tell you more about the role, our vision and how exactly I see you fitting in. When would you be available?</p><p>Best,</p><p>recruitername </p>",1
25299,23,"<p>Hi talentname,</p><p>​We are looking for a VP of Engineering. Currently we are a small team but will continue to grow over the coming year. </p><p>As a first step, I would love to have a quick chat with you to tell you more about the role, our vision and how exactly I see you fitting in. When would you be available?</p><p>Best,</p><p>recruitername </p>",1
25298,23,"<p>Hi talentname,</p><p>​We are looking for a VP of Engineering, who could grow into a CTO. Currently our team is just four, but this will increase as we continue to grow over the coming year. </p><p>As a first step, I would love to have a quick chat with you to tell you more about the role, our vision and how exactly I see you fitting in. When would you be available?</p><p>Best,</p><p>recruitername </p>",1
22087,23,"<p>Hi talentname,</p><p>How do you feel about diving into Ember? </p><p><span style=""font-size: 0.875rem;"">We are looking for a frontend developer to join our team! We are currently building out fullstack teams at companyname and your UX skills are something which would be very useful!</span></p><p>Also, I see you like GraphQL, we organize GraphQL Conf (formerly GraphQL Europe!). </p><p><span style=""font-size: 0.875rem;"">Best,</span><br></p><p>recruitername</p>",1
21912,23,"<p>Hi talentname,</p><p><span style=""font-size: 0.875rem;"">I think you fit really well to the role and would love to tell you more about the challenges we are working on. </span></p><p><span style=""font-size: 0.875rem;"">Also thought you might be interested to know that we care a lot about contributing to the developer community. and the many OSS projects on our GitHub! </span><br></p><p>Would you be interested in chatting about the position? </p><p><span style=""font-size: 0.875rem;"">Best,</span><br></p><p>recruitername</p>",0
21914,23,"<p>Hi talentname,</p><p>How do you feel about diving into Ember? </p><p><span style=""font-size: 0.875rem;"">We are looking for a frontend developer to join our team! </span></p><p><span style=""font-size: 0.875rem;"">Best,</span><br></p><p>recruitername</p>",1
21913,23,"<p>Hi talentname,</p><p>How do you feel about diving into Ember? </p><p><span style=""font-size: 0.875rem;"">We are looking for a frontend developer to join our team! </span></p><p><span style=""font-size: 0.875rem;"">Best,</span><br></p><p>recruitername</p>",1
21699,23,"<p>Hi talentname,</p><p><span style=""font-size: 0.875rem;"">Would love to share more details about the role at companyname! </span></p><p><span style=""font-size: 0.875rem;"">Best,</span></p><p><span style=""font-size: 0.875rem;"">recruitername​</span><br></p>",1
20032,23,"<p>Hi talentname,</p><p><span style=""font-size: 0.875rem;"">I think you fit really well to the role and would love to tell you more about the challenges we are working on. </span></p><p><span style=""font-size: 0.875rem;"">Also thought you might be interested to know that we care a lot about contributing to the developer community. and the many OSS projects on our GitHub! </span><br></p><p>Would you be interested in chatting about the position? </p><p><span style=""font-size: 0.875rem;"">Best,</span><br></p><p>recruitername</p>",1
20036,23,"<p>Hi talentname,</p><p>Would love to chat to you about the Head of Product Role here at companyname.</p><p>Let me know when you are available! </p><p>Best,</p><p>recruitername</p><p>​</p>",0
20035,23,"<p>Hi talentname,</p><p>How do you feel about diving into Ember? </p><p><span style=""font-size: 0.875rem;"">We are looking for a frontend developer to join our team! </span></p><p><span style=""font-size: 0.875rem;"">Best,</span><br></p><p>recruitername</p>",1
20033,23,"<p>Hi talentname,</p><p>​I would love to chat to you to see if you can help us out with a project we are working on! It would be part-time and related to NLP!</p><p>recruitername</p>",1
20029,23,"<p>Hi talentname,</p><p><span style=""font-size: 0.875rem;"">We are looking for a frontend developer to join our team!</span><br></p><p><span style=""font-size: 0.875rem;"">Best,</span><br></p><p>recruitername</p>",1
19928,23,"<p>Hi talentname,</p><p>Nice to meet you! We are looking for a senior UX designer to join our tech team. </p><p><span style=""font-size: 0.875rem;"">You seem like you have great </span>experience<span style=""font-size: 0.875rem;""> - Artfuly looks like an awesome project. We can't meet you salary expectations but I would love to chat to the role and see if we can come to an agreement, perhaps on making the role more flexible or by having an equity component!</span></p><p><span style=""font-size: 0.875rem;"">Would love to chat! </span><br></p><p><span style=""font-size: 0.875rem;"">Best,</span></p><p><span style=""font-size: 0.875rem;"">recruitername</span></p><p><span style=""font-size: 0.875rem;"">(P.S Can you send me your dribbble or behance too?) ​</span><br></p>",1
19926,23,"<p>Hi talentname,</p><p>How do you feel about diving into Ember? </p><p><span style=""font-size: 0.875rem;"">We are looking for a frontend developer to join our team! </span></p><p><span style=""font-size: 0.875rem;"">Best,</span><br></p><p>recruitername</p>",1
19927,23,"<p>Hi talentname,</p><p>We are looking for a part-time developer to join our marketing team to work on open source projects and general developer advocacy.  </p><p>Would love to talk to you a bit more about the role, if you are interested!</p><p>Best,</p><p>recruitername</p><p>​</p>",1
19418,23,"<p>Hi talentname,</p><p>How do you feel about diving into Ember? </p><p><span style=""font-size: 0.875rem;"">We are looking for a frontend developer to join our team! </span></p><p><span style=""font-size: 0.875rem;"">Best,</span><br></p><p>recruitername</p>",0
18940,23,"<p>Hi talentname,</p><p><span style=""font-size: 0.875rem;"">I think you fit really well to the role and would love to tell you more about the challenges we are working on. </span></p><p><span style=""font-size: 0.875rem;"">Also thought you might be interested to know that we care a lot about contributing to the developer community. and the many OSS projects on our GitHub! </span><br></p><p>Would you be interested in chatting about the position? </p><p><span style=""font-size: 0.875rem;"">Best,</span><br></p><p>recruitername</p>",0
19248,23,"<p>Hi talentname,</p><p>How do you feel about diving into Ember? </p><p><span style=""font-size: 0.875rem;"">We are looking for a frontend developer to join our team! </span></p><p><span style=""font-size: 0.875rem;"">Best,</span><br></p><p>recruitername</p>",0
19246,23,"<p>Hi talentname,</p><p>Would love to chat to you about the Head of Product Role here at companyname.</p><p>Let me know when you are available! </p><p>Best,</p><p>recruitername</p><p>​</p>",1
19247,23,"<p>Hi talentname,</p><p>Would love to chat to you about the Head of Product Role here at companyname.</p><p>Let me know when you are available! </p><p>Best,</p><p>recruitername</p><p>​</p>",1
19241,23,"<p>Hi talentname,</p><p><span style=""font-size: 0.875rem;"">I think you fit really well to the role and would love to tell you more about the challenges we are working on. </span></p><p><span style=""font-size: 0.875rem;"">Also thought you might be interested to know that we care a lot about contributing to the developer community. and the many OSS projects on our GitHub! </span><br></p><p>Would you be interested in chatting about the position? </p><p><span style=""font-size: 0.875rem;"">Best,</span><br></p><p>recruitername</p>",1
19245,23,"<p>Hi talentname,</p><p>Would love to chat to you about the CPO here at companyname.</p><p>Let me know when you are available! </p><p>Best,</p><p>recruitername</p><p>​</p>",1
17756,23,"<p>Hi talentname,</p><p><span style=""font-size: 0.875rem;"">We are looking for a backend Ruby developer and you seem like a great fit for the role! I </span>especially<span style=""font-size: 0.875rem;""> like your work with Podcasts - you should check out our Documentary series. We started with Elixir, but hope to make one about Ruby soon too! :) </span><br></p><p>Would you be interested in chatting about the role? If so, are you available on Monday afternoon?</p><p><br></p><p>Best,</p><p>recruitername</p>",1
17713,23,"<p>Hi talentname,</p><p>I see that the majority of your experience is with Angular and Node, whereas we use Ember and Ruby. </p><p>However, we have a big project coming up to overhaul our backend system for the Talent Rep team and would love you to be part of that as a fullstack developer. For the project, we want to use the best technologies to solve the problem (though of course we do have some preference towards Ruby ;) ). </p><p>Does this sound like something interesting for you? Check out our GitHub profile too, we value open source quite a lot! </p><p>recruitername </p><p>​</p>",1
17715,23,"<p>Hi talentname,</p><p>​I know you chose Munich as your preferred location, but I wanted to send this invite just in case we can convince you to consider Berlin.</p><p>I think technically you fit really well to the role and would love to tell you more about the challenges we are working on. But more interesting than that, I think we fit to your aim of finding a company where improving the developer community is valued. and the many OSS projects on our GitHub! </p><p>Would you be interested in chatting about the position? </p><p><br></p><p>Best,</p><p>recruitername</p>",0
17755,23,"<p>Hi talentname,</p><p>recommended I write to you! </p><p>You seem to be a great fit for our Ruby position. Would you be available for a call on Monday afternoon?</p><p>Best,</p><p>recruitername</p>",1
17708,23,"<p>Hi talentname,</p><p>​I guess you already know us here at companyname? :) </p><p>We like your profile and think you could be a great fit to our engineering team. The first step of our interview process is a short 30 minute call. When are you available? </p><p>Looking forward to getting to know you!</p><p>Best,</p><p>recruitername</p>",1
17584,23,"<p>Hi talentname,</p><p>Looks like you have some great experience. I particularly like your premium admin tool, which is very related to what we want to build internally. </p><p>I would love to schedule a first screening call, it would be 30mins. Do you availability this week?</p><p>Best,</p><p>recruitername</p><p><br></p><p><br></p><p>​</p>",1
17515,23,"<p>Hi talentname,</p><p>​I guess you already know us here at companyname? :) </p><p>We like your profile and think you could be a great fit to our engineering team. The first step of our interview process is a short 30 minute call. When are you available? </p><p>Looking forward to getting to know you!</p><p>Best,</p><p>recruitername</p>",0
17513,23,"<p>Hi talentname,</p><p>​I guess you already know us here at companyname? :) </p><p>We like your profile and think you could be a great fit to our engineering team. The first step of our interview process is a short 30 minute call. When are you available? </p><p>Looking forward to getting to know you!</p><p>Best,</p><p>recruitername</p>",1
17522,23,"<p>Hi talentname,</p><p>​Looks like you have a great profile! </p><p>Would love to discuss the role in a short call with you!</p><p>Best,</p><p>recruitername</p>",1
17520,23,"<p>Hi talentname,</p><p>​I guess you already know us here at companyname? :) </p><p>We like your profile and think you could be a great fit to our engineering team. The first step of our interview process is a short 30 minute call. When are you available? </p><p>Looking forward to getting to know you!</p><p>Best,</p><p>recruitername</p>",0
17518,23,"<p>Hi talentname,</p><p>​I guess you already know us here at companyname? :) </p><p>We like your profile and think you could be a great fit to our engineering team. The first step of our interview process is a short 30 minute call. When are you available? </p><p>Looking forward to getting to know you!</p><p>Best,</p><p>recruitername</p>",0
15767,23,"<p>Hi talentname,</p><p>I wanted to send you an interview invite because your wish to work with Elixir caught my eye! ​One of our main services is written in Elixir and we have just completed our first documentary - and its about Elixir! (We made it together with Jose Valim). So its a language which is close to our hearts. </p><p>We are a small, committed team and you seem like you would be a great addition. We might not immediately be able to match your salary expectations, but I would love to chat to you about the position and see if you are interested! </p><p>Thanks,</p><p>recruitername </p>",0
16204,23,"<p>Hi talentname,</p><p>​I guess you already know us here at companyname? :) </p><p>We like your profile and think you could be a great fit to our engineering team. The first step of our interview process is a short 30 minute call. </p><p>Looking forward to getting to know you!</p><p>Best,</p><p>recruitername</p>",0
16196,23,"<p>Hi talentname,</p><p>​I guess you already know us here at companyname? :) </p><p>We like your profile and think you could be a great fit to our engineering team. The first step of our interview process is a short 30 minute call. </p><p>Looking forward to getting to know you!</p><p>Best,</p><p>recruitername</p>",1
16203,23,"<p>Hi talentname,</p><p>​I guess you already know us here at companyname? :) </p><p>We like your profile and think you could be a great fit to our engineering team. The first step of our interview process is a short 30 minute call. </p><p>Looking forward to getting to know you!</p><p>Best,</p><p>recruitername</p>",1
16353,23,"<p>Hi talentname,</p><p>Just wanted to have you in our backend system! So would be great if you can accept the invite! :) </p><p>See you later today!</p><p>​</p>",0
16202,23,"<p>Hi talentname,</p><p>​I guess you already know us here at companyname? :) </p><p>We like your profile and think you could be a great fit to our engineering team. The first step of our interview process is a short 30 minute call. </p><p>Looking forward to getting to know you!</p><p>Best,</p><p>recruitername</p>",0
20802,834,"<p>Hi talentname,</p><p>We are looking for a frontend developer with Javascript experience, a love of digging into CSS details and a passion for great UI to join our team. </p><p>You seem like you are great fit and we would love to get to know you more!</p><p>Looking forward to chatting!</p><p>Best,</p><p>recruitername</p>",1
20781,834,"<p>Hi talentname,</p><p>We are looking for a frontend developer with Javascript experience, a love of digging into CSS details and a passion for great UI to join our team. </p><p>You seem like you are great fit and we would love to get to know you more!</p><p>Looking forward to chatting!</p><p>Best,</p><p>recruitername</p>",1
17075,834,"<p>Hi talentname,</p><p>​We see you are into JavaScript :). So are we! Even one of our lead generation co-worker is a node.js bot :)<br><br>​At companyname we are excited about technology and its application in solving real life problems. <br><br>Our challenges are: <br>* creating the tools/technology of tomorrow for finding every developer his perfect team/challenge<br>* making finding of the next great challenge close to effortless<br>* incrementally increasing speed of development by improving code maintainability and reusability<br><br><br>In case you would like to know more, we would love to hear from you!<br><br>Regards,<br>recruitername</p>",1
17074,834,"<p>Hi talentname,</p><p>​We see you are into Ruby and Heroku :). So are we! We even wrote a heroku bot to auto-deploy your code, so you can write more code while it writes more code.<br><br>​At companyname we are excited about technology and its application in solving real life problems. <br><br>Our challenges are: <br>* creating the tools/technology of tomorrow for finding every developer his perfect team/challenge<br>* making finding of the next great challenge close to effortless<br>* incrementally increasing speed of development by improving code maintainability and reusability<br><br><br>In case you would like to know more, we would love to hear from you!<br><br>Regards,<br>recruitername</p>",0
13913,834,"<p>Hi talentname,</p><p>I know you wrote Cologne and Remote as your preferred locations but your stack fits so well to ours, we couldn't resist sending an invite! </p><p>We are based in Berlin, so we understand if you need to reject due to location, but we are working with Ruby and Ember, so maybe its interesting for you ;) </p><p><br>Regards,<br>recruitername</p>",0
12929,834,"<p>Hi talentname,</p><p>​We see you are into Ruby :). So are we!<br><br>​At companyname we are excited about technology and its application in solving real life problems.<br><br>Our challenges are: <br>* creating the tools/technology of tomorrow for finding every developer his perfect team/challenge<br>* making finding of the next great challenge close to effortless<br>* incrementally increasing speed of development by improving code maintainability and reusability<br><br>We see you're willing to learn some DevOps. We are team full of developers without much Ops experience but have built a wonderful automated deployment pipeline ;) Manual deploys are a thing of the past <br><br>In case you would like to know more, we would love to hear from you!<br><br>Regards,<br>recruitername</p>",1
13549,834,"<p>Hi talentname,</p><p>​At companyname we are excited about technology and its application in solving real life problems. <br><br>Our challenges are: <br>* creating the tools/technology of tomorrow for finding every developer his perfect team/challenge<br>* building new features for two distinct sets of users (developers and recruiters! ;) ) <br>* incrementally increasing speed of development by improving code maintainability and reusability<br><br><br>In case you would like to know more, we would love to hear from you!<br><br>Regards,<br>recruitername</p>",0
11148,834,"<p>Hi talentname,</p><p>​We see you are into Ruby :). So do we!<br><br>​At companyname we are excited about technology and its application in solving real life problems. <br><br>Our challenges are: <br>* creating the tools/technology of tomorrow for finding every developer his perfect team/challenge<br>* making finding of the next great challenge close to effortless<br>* incrementally increasing speed of development by improving code maintainability and reusability<br><br><br>In case you would like to know more, we would love to hear from you!<br><br>Regards,<br>recruitername</p>",1
12586,834,"<p>Hi talentname,</p><p>​We see you are into Ruby, Node and Elixir :). So are we!<br><br>​At companyname we are excited about technology and its application in solving real life problems. <br><br>Our challenges are: <br>* creating the tools/technology of tomorrow for finding every developer his perfect team/challenge<br>* making finding of the next great challenge close to effortless<br>* incrementally increasing speed of development by improving code maintainability and reusability<br><br><br>In case you would like to know more, we would love to hear from you!<br><br>Regards,<br>recruitername</p>",0
10650,834,"<p>Hi talentname,</p><p>We see you are into Rust and Ruby :). So do are we!</p><p>​At companyname we are excited about technology and its application in solving real life problems. <br><br>Our challenges are: <br>* creating the tools/technology of tomorrow for finding every developer his perfect team/challenge<br>* making finding of the next great challenge close to effortless<br>* incrementally increasing speed of development by improving code maintainability and reusability</p><p><br>In case you would like to know more, we would love to hear from you!<br><br>Regards,<br>recruitername</p>",1
16631,834,"<p>Hi talentname,</p><p>​We see you are into Ruby :). So do we!<br><br>​At companyname we are excited about technology and its application in solving real life problems. <br><br>Our challenges are: <br>* creating the tools/technology of tomorrow for finding every developer his perfect team/challenge<br>* making finding of the next great challenge close to effortless<br>* incrementally increasing speed of development by improving code maintainability and reusability<br><br><br>In case you would like to know more, we would love to hear from you!<br><br>Regards,<br>recruitername</p>",1
11147,834,"<p>Hi talentname,</p><p>​We see you are into Rust and Ruby :). So do we!<br><br>​At companyname we are excited about technology and its application in solving real life problems. <br><br>Our challenges are: <br>* creating the tools/technology of tomorrow for finding every developer his perfect team/challenge<br>* making finding of the next great challenge close to effortless<br>* incrementally increasing speed of development by improving code maintainability and reusability<br><br><br>In case you would like to know more, we would love to hear from you!<br><br>Regards,<br>recruitername</p>",1
11149,834,"<p>Hi talentname,</p><p>​We see you are into Ruby :). So do we!<br><br>​At companyname we are excited about technology and its application in solving real life problems. <br><br>Our challenges are: <br>* creating the tools/technology of tomorrow for finding every developer his perfect team/challenge<br>* making finding of the next great challenge close to effortless<br>* incrementally increasing speed of development by improving code maintainability and reusability<br><br><br>In case you would like to know more, we would love to hear from you!<br><br>Regards,<br>recruitername</p>",1
9202,834,"<p>Hi talentname,</p><p>​At companyname we are excited about technology and its application in solving real life problems. <br><br>Our challenges are: <br>* creating the tools/technology of tomorrow for finding every developer his perfect team/challenge<br>* making finding of the next great challenge close to effortless<br>* incrementally increasing speed of development by improving code maintainability and reusability<br><br>In case you would like to know more, we would love to hear from you!<br><br>Regards,<br>recruitername</p>",0
15684,834,"<p>Hi talentname,</p><p>​We see you are into Ruby :). So do we!<br><br>​At companyname we are excited about technology and its application in solving real life problems. <br><br>Our challenges are: <br>* creating the tools/technology of tomorrow for finding every developer his perfect team/challenge<br>* making finding of the next great challenge close to effortless<br>* incrementally increasing speed of development by improving code maintainability and reusability<br><br><br>In case you would like to know more, we would love to hear from you!<br><br>Regards,<br>recruitername</p>",0
10850,834,"<p>Hi talentname,</p><p>​We see you are into Rust and Ruby :). So are we!<br><br>​At companyname we are excited about technology and its application in solving real life problems. <br><br>Our challenges are: <br>* creating the tools/technology of tomorrow for finding every developer his perfect team/challenge<br>* making finding of the next great challenge close to effortless<br>* incrementally increasing speed of development by improving code maintainability and reusability<br><br><br>In case you would like to know more, we would love to hear from you!<br><br>Regards,<br>recruitername</p>",0
12585,834,"<p>Hi talentname,</p><p>​We see you are into Ruby/React :). So do we!<br><br>​At companyname we are excited about technology and its application in solving real life problems. <br><br>Our challenges are: <br>* creating the tools/technology of tomorrow for finding every developer his perfect team/challenge<br>* making finding of the next great challenge close to effortless<br>* incrementally increasing speed of development by improving code maintainability and reusability<br><br><br>In case you would like to know more, we would love to hear from you!<br><br>Regards,<br>recruitername</p>",1
14274,834,"<p>Hi talentname,</p><p>​We are super ambitious about where companyname will go. We want to build a frictionless experience for both developers and recruiters in finding their perfect match. To do this, we believe we have to build smart algorithms which personalize the discovery of jobs for each user. </p><p>We are a small team and we have a long way to go, so we want someone who is curious, pragmatic and believes they can make an impact. Looking at your profile, you seem to be a great fit and we would love to chat further! </p><p>Hoping to talk soon!</p><p>Best,</p><p>recruitername </p>",0
11153,834,"<p>Hi talentname,</p><p>​We see you are into Ruby :). So do we!<br><br>​At companyname we are excited about technology and its application in solving real life problems. <br><br>Our challenges are: <br>* creating the tools/technology of tomorrow for finding every developer his perfect team/challenge<br>* making finding of the next great challenge close to effortless<br>* incrementally increasing speed of development by improving code maintainability and reusability<br><br><br>In case you would like to know more, we would love to hear from you!<br><br>Regards,<br>recruitername</p>",0
13545,834,"<p>Hi talentname,</p><p>​We see you are into Ruby :). So do we!</p><p>I see you mentioned you would like a company with social impact. You list international aid, education, clean energy and sharing economy as options, but we believe that companyname can also change peoples lives! :) <br><br>​At companyname we are excited about technology and its application in solving real life problems. <br><br>Our challenges are: <br>* creating the tools/technology of tomorrow for finding every developer his perfect team/challenge<br>* building features which deal with two very distinct sets of users<br>* incrementally increasing speed of development by improving code maintainability and reusability<br><br><br>In case you would like to know more, we would love to hear from you!<br><br>Regards,<br>recruitername</p>",0
15679,834,"<p>Hi talentname,</p><p>​We see you are into Ruby :). So do we!<br><br>​At companyname we are excited about technology and its application in solving real life problems. <br><br>Our challenges are: <br>* creating the tools/technology of tomorrow for finding every developer his perfect team/challenge<br>* making finding of the next great challenge close to effortless<br>* incrementally increasing speed of development by improving code maintainability and reusability<br><br><br>In case you would like to know more, we would love to hear from you!<br><br>Regards,<br>recruitername</p>",1
15681,834,"<p>Hi talentname,</p><p>​We see you are into Ruby :). So do we!<br><br>​At companyname we are excited about technology and its application in solving real life problems. <br><br>Our challenges are: <br>* creating the tools/technology of tomorrow for finding every developer his perfect team/challenge<br>* making finding of the next great challenge close to effortless<br>* incrementally increasing speed of development by improving code maintainability and reusability<br><br><br>In case you would like to know more, we would love to hear from you!<br><br>Regards,<br>recruitername</p>",1
15683,834,"<p>Hi talentname,</p><p>​We see you are into Ruby :). So do we!<br><br>​At companyname we are excited about technology and its application in solving real life problems. <br><br>Our challenges are: <br>* creating the tools/technology of tomorrow for finding every developer his perfect team/challenge<br>* making finding of the next great challenge close to effortless<br>* incrementally increasing speed of development by improving code maintainability and reusability<br><br><br>In case you would like to know more, we would love to hear from you!<br><br>Regards,<br>recruitername</p>",1
11825,834,"<p>Hi talentname,</p><p>​We really like your technology stack and the fact you are interested in multiple stacks!<br><br>​At companyname we are excited about technology and its application in solving real life problems. <br><br>Our challenges are: <br>* creating the tools/technology of tomorrow for finding every developer his perfect team/challenge<br>* making finding of the next great challenge close to effortless<br>* incrementally increasing speed of development by improving code maintainability and reusability<br><br><br>In case you would like to know more, we would love to hear from you!<br><br>Regards,<br>recruitername</p>",1
11824,834,"<p>Hi talentname,</p><p>​​We see you are into Ruby :). So are we!<br><br>​At companyname we are excited about technology and its application in solving real life problems. <br><br>Our challenges are: <br>* creating the tools/technology of tomorrow for finding every developer his perfect team/challenge<br>* making finding of the next great challenge close to effortless<br>* incrementally increasing speed of development by improving code maintainability and reusability<br><br><br>In case you would like to know more, we would love to hear from you!<br><br>Regards,<br>recruitername</p>",1
12928,834,"<p>Hi talentname,</p><p>​We see you are into Ruby and Elixir :). So are we!<br><br>​At companyname we are excited about technology and its application in solving real life problems. <br><br>Our challenges are: <br>* creating the tools/technology of tomorrow for finding every developer his perfect team/challenge<br>* making finding of the next great challenge close to effortless<br>* incrementally increasing speed of development by improving code maintainability and reusability<br><br><br>In case you would like to know more, we would love to hear from you!<br><br>Regards,<br>recruitername</p>",1
13618,834,"<p>Hi talentname,</p><p>​We see you are into Ruby :). So are we!<br><br>​At companyname we are excited about technology and its application in solving real life problems. <br><br>Our challenges are: <br>* creating the tools/technology of tomorrow for finding every developer his perfect team/challenge<br>* building one product for two very distinct sets of users!<br>* incrementally increasing speed of development by improving code maintainability and reusability<br><br><br>In case you would like to know more, we would love to hear from you!<br><br>Regards,<br>recruitername</p>",1
13547,834,"<p>Hi talentname,</p><p>​We see you are into Ruby :). So do we!<br><br>​At companyname we are excited about technology and its application in solving real life problems. <br><br>Our challenges are: <br>* creating the tools/technology of tomorrow for finding every developer his perfect team/challenge<br>* building features for two distinct sets of users<br>* incrementally increasing speed of development by improving code maintainability and reusability<br><br><br>In case you would like to know more, we would love to hear from you!<br><br>Regards,<br>recruitername</p>",1
13620,834,"<p>Hi talentname,</p><p>​We see you are into Ruby :). So do we!<br><br>​At companyname we are excited about technology and its application in solving real life problems. <br><br>Our challenges are: <br>* creating the tools/technology of tomorrow for finding every developer his perfect team/challenge<br>* building a product which serves two very different sets of users! <br>* incrementally increasing speed of development by improving code maintainability and reusability<br><br><br>In case you would like to know more, we would love to hear from you!<br><br>Regards,<br>recruitername</p>",1
15680,834,"<p>Hi talentname,</p><p>​We see you are into Ruby :). So do we!<br><br>​At companyname we are excited about technology and its application in solving real life problems. <br><br>Our challenges are: <br>* creating the tools/technology of tomorrow for finding every developer his perfect team/challenge<br>* making finding of the next great challenge close to effortless<br>* incrementally increasing speed of development by improving code maintainability and reusability<br><br><br>In case you would like to know more, we would love to hear from you!<br><br>Regards,<br>recruitername</p>",1
13835,834,"<p>Hi talentname,</p><p>​We are super ambitious about where companyname will go. We want to build a frictionless experience for both developers and recruiters in finding their perfect match. To do this, we believe we have to build smart algorithms which personalize the discovery of jobs for each user. </p><p>We are a small team and we have a long way to go, so we want someone who is curious, pragmatic and believes they can make an impact. Looking at your profile, you seem to be a great fit and we would love to chat further! </p><p>Hoping to talk soon!</p><p>Best,</p><p>recruitername </p>",0
13834,834,"<p>Hi talentname,</p><p>​We are super ambitious about where companyname will go. We want to build a frictionless experience for both developers and recruiters in finding their perfect match. To do this, we believe we have to build smart algorithms which personalize the discovery of jobs for each user. </p><p>We are a small team and we have a long way to go, so we want someone who is curious, pragmatic and believes they can make an impact. Looking at your profile, you seem to be a great fit and we would love to chat further! </p><p>Hoping to talk soon!</p><p>Best,</p><p>recruitername </p>",1
13836,834,"<p>Hi talentname,</p><p>​We are super ambitious about where companyname will go. We want to build a frictionless experience for both developers and recruiters in finding their perfect match. To do this, we believe we have to build smart algorithms which personalize the discovery of jobs for each user. </p><p>We are a small team and we have a long way to go, so we want someone who is curious, pragmatic and believes they can make an impact. Looking at your profile, you seem to be a great fit and we would love to chat further! </p><p>Hoping to talk soon!</p><p>Best,</p><p>recruitername </p>",1
15686,834,"<p>Hi talentname,</p><p>​We see you are into Ruby :). So are we!<br><br>​At companyname we are excited about technology and its application in solving real life problems. <br><br>Our challenges are: <br>* creating the tools/technology of tomorrow for finding every developer his perfect team/challenge<br>* making finding of the next great challenge close to effortless<br>* incrementally increasing speed of development by improving code maintainability and reusability<br><br><br>In case you would like to know more, we would love to hear from you!<br><br>Regards,<br>recruitername</p>",1
13912,834,"<p>Hi talentname,</p><p>We are looking for a frontend developer with a love of great UI to join our team. </p><p>You seem like you are great fit and we would love to get to know you more!</p><p>Looking forward to chatting!</p><p>Best,</p><p>recruitername</p>",1
13899,834,"<p>Hi talentname,</p><p>​We see you are into Ruby, Ember and Elixir - so are we! :) </p><p>​At companyname we are excited about technology and its application in solving real life problems. </p><p><br>In case you would like to know more, we would love to hear from you!<br><br>Regards,<br>recruitername</p>",1
14273,834,"<p>Hi talentname,</p><p>​We are super ambitious about where companyname will go. We want to build a frictionless experience for both developers and recruiters in finding their perfect match. To do this, we believe we have to build smart algorithms which personalize the discovery of jobs for each user. </p><p>We are a small team and we have a long way to go, so we want someone who is curious, pragmatic and believes they can make an impact. Looking at your profile, you seem to be a great fit and we would love to chat further! </p><p>We have two open source projects at the moment and would definitely like to continue that in the future!</p><p>Hoping to talk soon!</p><p>Best,</p><p>recruitername </p>",1
16633,834,"<p>Hi talentname,</p><p>​We see you are into Ruby :). So do we!<br><br>​At companyname we are excited about technology and its application in solving real life problems. <br><br>Our challenges are: <br>* creating the tools/technology of tomorrow for finding every developer his perfect team/challenge<br>* making finding of the next great challenge close to effortless<br>* incrementally increasing speed of development by improving code maintainability and reusability<br><br><br>In case you would like to know more, we would love to hear from you!<br><br>Regards,<br>recruitername</p>",0
14275,834,"<p>Hi talentname,</p><p>​At companyname we are excited about technology and its application in solving real life problems. <br><br>Our challenges are: <br>* creating the tools/technology of tomorrow for finding every developer his perfect team/challenge<br>* making finding of the next great challenge close to effortless<br>* incrementally increasing speed of development by improving code maintainability and reusability<br><br><br>In case you would like to know more, we would love to hear from you!<br><br>Regards,<br>recruitername</p>",0
14293,834,"<p>Hi talentname,</p><p>​We are super ambitious about where companyname will go. We want to build a frictionless experience for both developers and recruiters in finding their perfect match. To do this, we believe we have to build smart algorithms which understand human motivation and personalize the discovery of jobs for each user. </p><p>We are a small team and we have a long way to go, so we want someone who is curious, pragmatic and believes they can make an impact. Looking at your profile, you seem to be a great fit and we would love to chat further! </p><p>Hoping to talk soon!</p><p>Best,</p><p>recruitername </p>",0
16131,834,"<p>Hi talentname,</p><p>​We see you are into Ruby :). So are we!<br><br>​At companyname we are excited about technology and its application in solving real life problems. <br><br>Our challenges are: <br>* creating the tools/technology of tomorrow for finding every developer his perfect team/challenge<br>* making finding of the next great challenge close to effortless<br>* incrementally increasing speed of development by improving code maintainability and reusability<br><br><br>In case you would like to know more, we would love to hear from you!<br><br>Regards,<br>recruitername</p>",1
16629,834,"<p>Hi talentname,</p><p>​We see you are into Ruby :). So do we!<br><br>​At companyname we are excited about technology and its application in solving real life problems. <br><br>Our challenges are: <br>* creating the tools/technology of tomorrow for finding every developer his perfect team/challenge<br>* making finding of the next great challenge close to effortless<br>* incrementally increasing speed of development by improving code maintainability and reusability<br><br><br>In case you would like to know more, we would love to hear from you!<br><br>Regards,<br>recruitername</p>",0
34157,3688,"<p>Hi talentname,</p><p>My name is recruitername and I lead the People Ops team at companyname. <br><br>We are looking for a full-stack developer to join team, and your profile was a delight to review! <br><br>If the role described above sparks your interest, I'd love to set up a video call over google hangouts to get to know each other. <br><br></p><p>Let me know!<br>recruitername </p>",1
34077,3688,"<p>Hi talentname,</p><p>We are currently looking for a senior product manager here at companyname, and from your profile, I think you could be a great fit!</p><p>If you are interested I would love to set up a video call over google hangouts with recruitername our Head of Product, would you have time on Friday afternoon? </p><p>Let me know!</p><p>Kindest, </p><p>recruitername </p>",0
33734,3688,"<p>Hi talentname,</p><p>​We are currently seeking a Frontend Developer here at companyname, and we would love to arrange a video call to discuss the position with you. <br><br>Our stack is Ruby and Rust for backend and for Frontend we use Emeberjs as a framework (no Ember experience required). </p><p>We are a team of 8 developers currently, but steadily growing :)  <br><br>If you are interested I would have time on Friday at 11:00 or 15:00, or please just suggest a few times for early next week you would be available.<br><br>The video call would be conducted via hangouts. <br><br>Have a great day! </p><p>Kindest, </p><p>recruitername<br><br></p>",0
32262,3688,"<p>Hi talentname,</p><p>My name is recruitername and I lead the People Ops team at companyname. <br><br>We are looking for a full-stack developer to join our team, and your profile was a delight to review! <br><br>If the role described above sparks your interest, I'd love to set up a video call over google hangouts to get to know each other. </p><p>Please note as I am out of office next week the earliest time I am available would be the 23rd and after. </p><p>Let me know!<br>recruitername </p>",1
32311,3688,"<p>Hi talentname,</p><p>​We are currently looking for a Product Designer here at companyname and I think you could be a great fit! </p><p>I would love to set up a first video all with Ro, our Head of Product for next week. </p><p>Would a time on Thursday afternoon work for you?</p><p>Let me know and I can send a calendar invite with a link for google hangouts to conduct the call.</p><p>Kindest, </p><p>recruitername</p>",1
31950,3688,"<p>Hi talentname,</p><p>​​We are currently seeking a back-end developer here at companyname, and we would love to arrange a video call to discuss the position with you. <br><br>Our stack is Ruby and Rust for backend and for Frontend we use Emeberjs as a framework. <br><br>If you are interested please let me know a few times for next week you would be available.<br><br>The video call would be conducted via hangouts. <br><br>Kindest,<br><br>recruitername</p>",0
31984,3688,"<p>Hi talentname,</p><p>​We are currently seeking a Sr. Frontend Developer here at companyname, and we would love to arrange a video call to discuss the position with you. <br><br>Our stack is Ruby and Rust for backend and for Frontend we use Emeberjs as a framework. <br><br>If you are interested please let me know a few times this week, or early next week you would be available.<br><br>The video call would be conducted via hangouts. <br><br>Kindest, </p><p>recruitername<br><br></p>",1
31952,3688,"<p>Hi talentname,</p><p>​​We are currently seeking a senior back-end developer to lead of back-end devs here at companyname, and we would love to arrange a video call to discuss the position with you. <br><br>Our stack is Ruby and Rust for backend and for Frontend we use Emeberjs as a framework. <br><br>If you are interested please let me know a few times for next week you would be available.<br><br>The video call would be conducted via hangouts. <br><br>Kindest,<br><br>recruitername</p>",1
31951,3688,"<p>Hi talentname,</p><p>​We are currently seeking a Frontend Developer here at companyname, and we would love to arrange a video call to discuss the position with you. <br><br>Our stack is Ruby and Rust for backend and for Frontend we use Emeberjs as a framework. <br><br>If you are interested please let me know a few times for next week you would be available.<br><br>The video call would be conducted via hangouts. <br><br>Kindest, </p><p>recruitername<br><br></p>",1
31853,3688,"<p>Hi talentname,</p><p>​We are currently seeking a Frontend Developer here at companyname, and we would love to arrange a video call to discuss the position with you. <br><br>Our stack is Ruby and Rust for backend and for Frontend we use Emeberjs as a framework. <br><br>If you are interested please let me know a few times this week, or early next week you would be available.<br><br>The video call would be conducted via hangouts. <br><br>Kindest, </p><p>recruitername<br><br></p>",0
31854,3688,"<p>Hi talentname,</p><p>​We are currently seeking a Frontend Developer here at companyname, and we would love to arrange a video call to discuss the position with you. <br><br>Our stack is Ruby and Rust for backend and for Frontend we use Emeberjs as a framework. <br><br>If you are interested please let me know a few times this week, or early next week you would be available.<br><br>The video call would be conducted via hangouts. <br><br>Kindest, </p><p>recruitername<br><br></p>",1
31343,3688,"<p>Hi talentname,</p><p>My name is recruitername and I lead the People Ops team at companyname. <br><br>We are looking for a full-stack developer to join our team, and your profile was a delight to review! <br><br>If the role described above sparks your interest, I'd love to set up a video call over google hangouts to get to know each other. <br><br></p><p>Let me know!<br>recruitername </p>",1
31356,3688,"<p>Hi talentname,</p><p>​​We are currently seeking a senior back-end developer here at companyname, and we would love to arrange a video call to discuss the position with you. <br><br>Our stack is Ruby and Rust for backend and for Frontend we use Emeberjs as a framework. <br><br>If you are interested please let me know a few times for next week you would be available.<br><br>The video call would be conducted via hangouts. <br><br>Kindest,<br><br>recruitername</p>",1
31350,3688,"<p>Hi talentname,</p><p>​​We are currently seeking a back-end developer here at companyname, and we would love to arrange a video call to discuss the position with you. <br><br>Our stack is Ruby and Rust for backend and for Frontend we use Emeberjs as a framework. <br><br>If you are interested please let me know a few times for next week you would be available.<br><br>The video call would be conducted via hangouts. <br><br>Kindest,<br><br>recruitername</p>",1
31353,3688,"<p>Hi talentname,</p><p>​We are currently seeking a Frontend Developer here at companyname, and we would love to arrange a video call to discuss the position with you. <br><br>Our stack is Ruby and Rust for backend and for Frontend we use Emeberjs as a framework. <br><br>If you are interested please let me know a few times this week, or early next week you would be available.<br><br>The video call would be conducted via hangouts. <br><br>Kindest, </p><p>recruitername<br><br></p>",1
31354,3688,"<p>Hi talentname,</p><p>My name is recruitername and I lead the People Ops team at companyname. <br><br>We are looking for a full-stack developer to join our Search team, and your profile was a delight to review! <br><br>If the role described above sparks your interest, I'd love to set up a video call over google hangouts to get to know each other. <br><br></p><p>Let me know!<br>recruitername </p>",1
30852,3688,"<p>Hi talentname,</p><p>​We are currently seeking a Frontend Developer here at companyname, and we would love to arrange a video call to discuss the position with you. <br><br>Our stack is Ruby and Rust for backend and for Frontend we use Emeberjs as a framework. <br><br>If you are interested please let me know a few times for next week you would be available.<br><br>The video call would be conducted via hangouts. <br><br>Kindest, </p><p>recruitername<br><br></p>",0
30851,3688,"<p>Hi talentname,</p><p>​We are currently seeking a Front-end Developer here at companyname, and we would love to arrange a video call to discuss the position with you. <br><br>Our stack is Ruby and Rust for backend and for Frontend we use Emeberjs as a framework. <br><br>If you are interested please let me know a few times for next week you would be available.<br><br>The video call would be conducted via hangouts. <br><br>Kindest, </p><p>recruitername<br><br></p>",0
30850,3688,"<p>Hi talentname,</p><p>​We are currently seeking a Sr. Frontend Developer here at companyname, and we would love to arrange a video call to discuss the position with you. <br><br>Our stack is Ruby and Rust for backend and for Frontend we use Emeberjs as a framework. <br><br>If you are interested please let me know a few times for next week you would be available.<br><br>The video call would be conducted via hangouts. <br><br>Kindest, </p><p>recruitername<br><br></p>",1
30857,3688,"<p>Hi talentname,</p><p>​​We are currently seeking a senior back-end developer to lead of back-end devs here at companyname, and we would love to arrange a video call to discuss the position with you. <br><br>Our stack is Ruby and Rust for backend and for Frontend we use Emeberjs as a framework. <br><br>If you are interested please let me know a few times for next week you would be available.<br><br>The video call would be conducted via hangouts. <br><br>Kindest,<br><br>recruitername</p>",1
30856,3688,"<p>Hi talentname,</p><p>​​We are currently seeking a senior back-end developer to lead of back-end devs here at companyname, and we would love to arrange a video call to discuss the position with you. <br><br>Our stack is Ruby and Rust for backend and for Frontend we use Emeberjs as a framework. <br><br>If you are interested please let me know a few times for next week you would be available.<br><br>The video call would be conducted via hangouts. <br><br>Kindest,<br><br>recruitername</p>",1
30855,3688,"<p>Hi talentname,</p><p>​​We are currently seeking a back-end developer here at companyname, and we would love to arrange a video call to discuss the position with you. <br><br>Our stack is Ruby and Rust for backend and for Frontend we use Emeberjs as a framework. <br><br>If you are interested please let me know a few times for next week you would be available.<br><br>The video call would be conducted via hangouts. <br><br>Kindest,<br><br>recruitername</p>",1
30854,3688,"<p>Hi talentname,</p><p>​​We are currently seeking a back-end developer here at companyname, and we would love to arrange a video call to discuss the position with you. <br><br>Our stack is Ruby and Rust for backend and for Frontend we use Emeberjs as a framework. <br><br>If you are interested please let me know a few times for next week you would be available.<br><br>The video call would be conducted via hangouts. <br><br>Kindest,<br><br>recruitername</p>",0
30583,3688,"<p>Hi talentname, </p><p>We are looking for a senior UX designer here at companyname and I think you could be a great fit :) </p><p>If you are interested I would love to arrange a video call over google hangouts, would Tuesday at 11:00 work for you? </p><p>Let me know and I can send a cal invite with a link for the call. </p><p>Kindest, </p><p>recruitername </p>",1
30258,3688,"<p>Hi talentname,</p><p>My name is recruitername and I lead the People Ops team at companyname. <br><br>We are looking for a full-stack developer to join our Search team, and your profile was a delight to review! <br><br>If the role described above sparks your interest, I'd love to set up a video call over google hangouts to get to know each other. <br><br></p><p>Let me know!<br>recruitername </p>",0
30307,3688,"<p>Hi talentname,</p><p>My name is recruitername and I lead the People Ops team at companyname. <br><br>We are looking for a full-stack developer to join our Search team, and your profile was a delight to review! <br><br>If the role described above sparks your interest, I'd love to set up a video call over google hangouts to get to know each other. <br><br></p><p>Let me know!<br>recruitername </p>",1
30265,3688,"<p>Hi talentname,</p><p>My name is recruitername and I lead the People Ops team at companyname. <br><br>We are looking for a full-stack developer to join our Search team, and your profile was a delight to review! <br><br>If the role described above sparks your interest, I'd love to set up a video call over google hangouts to get to know each other. <br><br></p><p>Let me know!<br>recruitername </p>",1
30304,3688,"<p>Hi talentname,</p><p>My name is recruitername and I lead the People Ops team at companyname. <br><br>We are looking for a full-stack developer to join our Search team, and your profile was a delight to review! <br><br>If the role described above sparks your interest, I'd love to set up a video call over google hangouts to get to know each other. <br><br></p><p>Let me know!<br>recruitername </p>",1
30305,3688,"<p>Hi talentname,</p><p>My name is recruitername and I lead the People Ops team at companyname. <br><br>We are looking for a full-stack developer to join our Search team, and your profile was a delight to review! <br><br>If the role described above sparks your interest, I'd love to set up a video call over google hangouts to get to know each other. <br><br></p><p>Let me know!<br>recruitername </p>",1
30246,3688,"<p>Hi talentname, <br><br>We are currently looking for a Head of Engineering here at companyname and I think you would be a great fit! </p><p><span style=""font-size: 0.875rem;""><br></span></p><p><span style=""font-size: 0.875rem;"">However, the role would be in our Head office in Berlin, and I see you only have Stuttgart as an option. If you are open to Berlin let me know, and I would love to arrange a call. </span></p><p><br></p><p>Let me know, and enjoy your day! </p><p><br></p><p>Kindest, </p><p>recruitername </p>",0
29821,3688,"<p>Hi talentname,</p><p>My name is recruitername and I lead the People Ops team at companyname. <br><br>We are looking for a full-stack developer to join our Search team, and your profile was a delight to review! <br><br>If the role described above sparks your interest, I'd love to set up a video call over google hangouts to get to know each other. <br><br></p><p>Let me know!<br>recruitername </p>",1
29739,3688,"<p>Hi talentname,</p><p><span style=""font-size: 0.875rem;"">We are currently looking for a Search Engineer to join our Data team here at companyname which I think you would be a really great fit for!</span></p><p>I would love to arrange a video call over hangouts to get to know each other better. Would you have time on Friday morning?<br><br>Let me know and I can send an invite with the link.<br><br>Kindest,<br>recruitername<br></p>",0
28291,3688,"<p>Hi talentname,</p><p>​We are looking for a Senior UX Designer here at companyname and I think you could be a great fit! </p><p>I would like to mention however that our team is quite small, we only have one UX/UI designer currently. However, we do have cross-functional teams so you would be working with our 3 Product Managers, our Head or Product and tech team of six (and growing). </p><p>Let me know if you are interested, and if so I would love to arrange a first video call over hangouts to get to know each other. </p><p>Have a great weekend!</p><p>recruitername </p>",1
27521,3688,"<p>Hi talentname,</p><p>​We are currently looking for a senior UX designer here at companyname, and I think you could be a great fit for the role!<br><br></p><p>Would you have time for a video call this week over google hangouts? </p><p><br></p><p>At the moment my Tuesday afternoon is free? We would need around 45 minutes. </p><p><br></p><p>Let me know, and have a great Monday! </p><p><br></p><p>Kindest, </p><p>recruitername </p>",1
27283,3688,"<p>Hi talentname,</p><p>​We are currently looking for a Search Relevance Engineer here at companyname and I think you could be a great fit! </p><p>Would you have time for a video call tomorrow of Thursday afternoon to discuss the role? In terms of the exact time I can be quite flexible. </p><p>Let me know, once confirmed I can send an invite with a hangouts link for the call. </p><p>Kindest, </p><p>recruitername </p>",1
27172,3688,"<p>Hi talentname,</p><p>We are currently looking for a search engineer here at companyname which I think you would be a really great fit for! </p><p>I would love to arrange a video call over hangouts to get to know each other better. Would you have time on Monday or Tuesday afternoon?</p><p>Let me know and I can send an invite with the link. </p><p>Kindest, </p><p>recruitername </p><p>​</p>",1
27002,3688,"<p>Hi talentname,</p><p>We are currently looking for a senior UX designer to join our team at companyname and think you could be a great fit :) </p><p>If you are interesting I would love to arrange for a video call over hangouts, would you have time tomorrow or Wednesday at 12 pm? The call would take around 45 minutes. </p><p>Let me know, and I look forward to hearing from you. </p><p><br></p><p>Kindest, </p><p>recruitername </p>",1
25867,3688,"<p>Hi talentname,</p><p>We are currently seeking a Sr. Frontend Developer here at companyname, and we would love to arrange a video call to discuss the position with you. <br><br>Our stack is Ruby and Rust for backend and for Frontend we use Emeberjs as a framework. (no previous experience needed)  <br><br>If you are interested please let me know a few times this week, or early next week you would be available.<br><br>The video call would be conducted via hangouts. <br><br>Kindest,</p><p>recruitername<br><br></p>",0
25865,3688,"<p>Hi talentname,</p><p>We are currently seeking a Sr. Frontend Developer here at companyname, and we would love to arrange a video call to discuss the position with you. <br><br>Our stack is Ruby and Rust for backend and for Frontend we use Emeberjs as a framework. (no prior experience is needed)  <br><br>If you are interested please let me know a few times this week, or early next week you would be available.<br><br>The video call would be conducted via hangouts. <br><br>Kindest,</p><p>recruitername<br><br></p>",0
25941,3688,"<p>Hi talentname,</p><p>We are currently seeking a Sr. Frontend Developer here at companyname, and we would love to arrange a video call to discuss the position with you. <br><br>Our stack is Ruby and Rust for backend and for Frontend we use Emeberjs as a framework. (no experience needed) <br><br>If you are interested please let me know a few times this week, or early next week you would be available.<br><br>The video call would be conducted via hangouts. <br><br>Kindest,</p><p>recruitername<br><br></p>",1
25810,3688,"<p>Hi talentname,</p><p>We are currently seeking a Frontend Developer here at companyname, and we would love to arrange a video call to discuss the position with you. <br><br>Our stack is Ruby and Rust for backend and for Frontend we use Emeberjs as a framework. (no experience with ember required!) <br><br>If you are interested please let me know a few times this week, or early next week you would be available.<br><br>The video call would be conducted via hangouts. <br><br>Kindest,</p><p>recruitername<br><br></p>",1
25636,3688,"<p>Hi talentname,</p><p>We are currently seeking a Fullstack Developer, with a frontend focus,  here at companyname, and we would love to arrange a video call to discuss the position with you. <br><br>Our stack is Ruby and Rust for backend and for Frontend we use Emeberjs as a framework. (no ember experience required) <br><br>If you are interested please let me know a few times this week, or early next week you would be available.<br><br>The video call would be conducted via hangouts. <br><br>Kindest,</p><p>recruitername<br><br></p>",1
25645,3688,"<p>Hi talentname,</p><p>We are currently seeking a Frontend Developer here at companyname, and we would love to arrange a video call to discuss the position with you. <br><br>For Frontend we use Emeberjs as a framework - but experience is not required as long as you are familiar with React or Angular. <br><br>If you are interested please let me know a few times this week, or early next week you would be available.<br><br>The video call would be conducted via hangouts. <br><br>Kindest,</p><p>recruitername<br><br></p>",1
25732,3688,"<p>Hi talentname,</p><p>We are currently seeking a Frontend Developer here at companyname, and we would love to arrange a video call to discuss the position with you. <br><br>If you are interested please let me know a few times this week you would be available<span style=""font-size: 0.875rem;"">. </span></p><p>The video call would be conducted via hangouts. <br><br>Kindest,</p><p>recruitername<br><br></p>",0
25563,3688,"<p>Hi talentname,</p><p>We are currently seeking a senior full-stack Developer here at companyname, and we would love to arrange a video call to discuss the position with you. <br><br>Our stack is Ruby and Rust for backend and for Frontend we use Emeberjs as a framework. <br><br>If you are interested please let me know a few times this week you would be available.<br><br>The video call would be conducted via hangouts. <br><br>Kindest,</p><p>recruitername<br><br></p>",1
25640,3688,"<p>Hi talentname,</p><p>We are currently seeking a Sr. Frontend Developer here at companyname, and we would love to arrange a video call to discuss the position with you. <br><br>For Frontend we use Emeberjs as a framework, so if you are open to something which isn't angular (but very similar)  please let me know a few times this week, or early next week you would be available.<br><br>The video call would be conducted via hangouts. <br><br>Kindest,</p><p>recruitername<br><br></p>",0
25637,3688,"<p>Hi talentname,</p><p>We are currently seeking a full-stack Developer with a frontend focus, here at companyname, and we would love to arrange a video call to discuss the position with you. <br><br>If you are interested please let me know a few times this week, or early next week you would be available.<br><br>The video call would be conducted via hangouts. <br><br>Kindest,</p><p>recruitername<br><br></p>",1
25312,3688,"<p>Hi talentname,</p><p>We are currently seeking a Sr. Frontend Developer here at companyname, and we would love to arrange a video call to discuss the position with you. <br><br>Our stack is Ruby and Rust for backend and for Frontend we use Emeberjs as a framework. <br><br>If you are interested please let me know a few times next week you would be available (I am away from tomorrow until Monday) <br><br>The video call would be conducted via hangouts. <br><br>Kindest,</p><p>recruitername<br><br></p>",0
25311,3688,"<p>Hi talentname,</p><p>We are currently seeking a Frontend Developer here at companyname, and we would love to arrange a video call to discuss the position with you. <br><br>Our stack is Ruby and Rust for backend and for Frontend we use Emeberjs as a framework. <br><br>If you are interested please let me know a few times next week (I am away tomorrow until Monday) which would work for you. <br><br>The video call would be conducted via hangouts. <br><br>Kindest,</p><p>recruitername<br><br></p>",1
25313,3688,"<p>Hi talentname,</p><p>We are currently seeking a Frontend Developer here at companyname, and we would love to arrange a video call to discuss the position with you. <br><br>If you are interested please let me know a few times next week when you would be available. (I am away tomorrow until Monday) <br><br>The video call would be conducted via hangouts. <br><br>Kindest,</p><p>recruitername<br><br></p>",1
25220,3688,"<p>Hi talentname,</p><p>​We are currently seeking a Sr. Frontend Developer here at companyname, and we would love to arrange a video call to discuss the position with you. <br><br>Our stack is Ruby and Rust for backend and for Frontend we use Emeberjs as a framework. <br><br>If you are interested please let me know a few times this week, or early next week you would be available.<br><br>The video call would be conducted via hangouts. <br><br>Kindest, </p><p>recruitername<br><br></p>",1
25272,3688,"<p>Hi talentname,</p><p>I just wanted to say that if the stack was the reason for rejecting our invite, we do not ask for any experience with Ember, as long as you have experience with React or Angular it is easy to pick up. </p><p>If it was for other reasons no worries, all the best with the platform :) </p><p><br>Kindest,</p><p>recruitername<br><br></p>",1
24986,3688,"<p>Hi talentname,</p><p>​We are currently seeking a Frontend Developer here at companyname, and we would love to arrange a video call to discuss the position with you. <br><br>Our stack is Ruby and Rust for backend and for Frontend we use Emeberjs as a framework. <br><br>If you are interested please let me know a few times this week, or early next week you would be available.<br><br>The video call would be conducted via hangouts. <br><br>Kindest, </p><p>recruitername<br><br></p>",0
25227,3688,"<p>Hi talentname,</p><p>We are currently seeking a Frontend Developer here at companyname, and we would love to arrange a video call to discuss the position with you. <br><br>Our stack is Ruby and Rust for backend and for Frontend we use Emeberjs as a framework. <br><br>If you are interested please let me know a few times this week, or early next week you would be available.<br><br>The video call would be conducted via hangouts. <br><br>Kindest,</p><p>recruitername<br><br></p>",1
24999,3688,"<p>Hi talentname,</p><p>We are currently seeking a Frontend Developer here at companyname, and we would love to arrange a video call to discuss the position with you. <br><br><span style=""font-size: 0.875rem;"">We use Emeberjs as a framework, which if you are used to REACT is very similar. </span><br></p><p><br>If you are interested please let me know a few times this week, or early next week you would be available.<br><br>The video call would be conducted via hangouts. <br><br>Kindest,</p><p>recruitername<br><br></p>",0
24985,3688,"<p>Hi talentname,</p><p>​We are currently seeking a Sr. Frontend Developer here at companyname, and we would love to arrange a video call to discuss the position with you. <br><br>Our stack is Ruby and Rust for backend and for Frontend we use Emeberjs as a framework. <br><br>If you are interested please let me know a few times this week, or early next week you would be available.<br><br>The video call would be conducted via hangouts. <br><br>Kindest, </p><p>recruitername<br><br></p>",1
24597,3688,"<p>Hi talentname,</p><p>We are currently looking for senior FE developers here at companyname, and I think you could be a great fit!</p><p>If you are interested I would love to arrange a video call over hangouts for later in the week. </p><p>Let me know, and if interested please send through a few time which would work for you. </p><p>Kindest, </p><p>recruitername </p>",1
24622,3688,"<p>Hi talentname,</p><p>We are looking for a frontend developer here at companyname, and I think from your profile you could be a good fit. </p><p>If you are interested I would love to arrange a skype call for later in the week.</p><p>Let me know, and please send through a few times that could work for you. </p><p>Kindest, </p><p>recruitername</p>",1
24190,3688,"<p>Hi talentname,</p><p>We are currently looking for a Senior Product Manager here at companyname.</p><p>If you are interested I would love to arrange a short video call via google hangouts for later in the week. </p><p>Let me know! I look forward to your response. </p><p>Kindest,</p><p>recruitername</p>",0
24157,3688,"<p>Hi talentname,</p><p>​We are currently seeking a Senior Data Scientist here at companyname, and we would love to arrange a video call to discuss the position with you!<br><br>If you are interested please let me know a few times this week, or early next week you would be available.<br><br>The video call would be conducted via hangouts. <br><br>Kindest, <br><br>recruitername </p>",1
24155,3688,"<p>Hi talentname,<span style=""font-size: 0.875rem;"">We are currently seeking a Senior Data Scientist here at companyname, and we would love to arrange a video call to discuss the position with you! </span><br></p><p>If you are interested please let me know a few times this week, or early next week you would be available.</p><p>The video call would be conducted via hangouts. </p><p><span style=""font-size: 0.875rem;"">Kindest, </span><br></p><p>recruitername </p>",1
24126,3688,"<p>Hi talentname,</p><p>We are looking for a senior frontend developer to join our team and from the looks of your profile, I think you could be a great fit!</p><p>If you are interested I would love to arrange a first call via Hangouts for later this week.  </p><p>Let me know, and enjoy the rest of your day!</p><p><br></p><p>- recruitername </p>",1
24141,3688,"<p>Hi talentname,</p><p><br></p><p>We are looking for a senior front-end developer here at companyname! You seem like you are a great fit and we would love to get to know you more!<br><br><br>Looking forward to chatting!<br><br><br>Best,<br>recruitername<br></p>",1
24066,3688,"<p>Hi talentname,</p><p>We are currently looking for a junior frontend developer to join our team at companyname! </p><p>I see you are a big fan of ember which we work with :) </p><p>If you are interested I would love to arrange a video call via google hangouts for this week. Let me know, and please suggest a few times which would work for you!</p><p><br></p><p>Kindest,</p><p>recruitername </p>",0
23801,3688,"<p>Hi talentname,</p><p>We are currently on the hunt for a senior frontend developer here at companyname, and I would love to arrange a video call with you. </p><p>Was there a time on Friday you were free? Alternatively, we could have the call on the 28th, or anytime from January 4th onwards. </p><p>Let me know, I look forward to your response. </p><p>Kindest, </p><p>recruitername </p>",1
23534,3688,"<p>Hi talentname,</p><p>At companyname we are currently looking for a frontend developer to join our team. </p><p><br></p><p>If you were interested I would love to arrange a video call for Friday. <span style=""font-size: 0.875rem;"">The call would be conducted via google hangouts, and last around 45min. </span></p><p><br></p><p>Let me know,  I look forward to your response!</p><p>recruitername </p>",0
23504,3688,"<p>Hi talentname,</p><p>We are currently on the hunt for a Head of Product here at companyname :) </p><p>If you are interested, I would love to arrange a call, I can be free at 14:00 or 16:00 CET on Thursday, or at times Friday morning. </p><p>Let me know, the call would be a video call via google hangouts and last around 45 minutes. </p><p>kindest, </p><p>recruitername </p><p><br></p>",1
22941,3688,"<p>Hi talentname,</p><p>At companyname we are currently looking for a senior data scientist. </p><p><br></p><p>Though for this role we had a budget of around 60-70k in mind, if you would be interested in the lower end of your salary expectations, and maybe the softer perks of the job (autonomy and really shaping where our product can go) <span style=""font-size: 0.875rem;"">I would love to arrange a call to talk more about the role? </span></p><p>Let me know, </p><p>recruitername </p>",1
22974,3688,"<p>Hi talentname,</p><p>We are currently looking for a Senior Product Manager here at companyname, if you are interested I would love to arrange a call via google hangouts for next week? </p><p>Around 16:00 CEST Tues-Thurs would be best for me. </p><p>Let me know, </p><p>recruitername </p>",1
22430,3688,"<p>Hi talentname,</p><p>I know our offer is below what you are looking for, but I thought I would reach out anyway just in case. </p><p>We are currently looking for a senior data scientist to take the lead within our small data science team, there would be a lot of autonomy, flexibility and opportunity to have a big impact on where our business is going. </p><p>However, I understand if for you softer factors may not be the most important, and if our offer is too low, no worries, we understand.  </p><p>Just let me know :) </p><p>Thank you, </p><p>recruitername </p>",1
22390,3688,"<p>Hi talentname,</p><p>We are currently looking for a senior product manager here at companyname. </p><p>If you are interested I would love to arrange a video call. </p><p>Let me know! </p><p>Kindest, </p><p>recruitername </p>",1
22393,3688,"<p>Hi talentname,</p><p>We are currently looking for a senior product manager here at companyname.</p><p>If you are interested I would love to arrange a video call.</p><p>Let me know!</p><p>Kindest,</p><p>recruitername</p>",1
22056,3688,"<p>Hi talentname,</p><p>​We are looking for a senior front-end developer. You seem like you are a great fit and we would love to get to know you more!<br><br>Looking forward to chatting!<br><br>Best,<br><br>recruitername</p>",1
22055,3688,"<p>Hi talentname,</p><p>I can see from your profile you are interested in relocating to the Netherlands, however, if you were to consider a role in Berlin, we are currently on the hunt of a Head of Product, and I would love to chat. </p><p>Let me know!</p><p>recruitername</p>",0
22036,3688,"<p>Hi talentname,</p><p>​We are looking for a senior developer with Ruby experience. You seem like you are a great fit and we would love to get to know you more!<br><br>Looking forward to chatting!<br><br>Best,<br><br>recruitername</p>",1
21953,3688,"<p>Hi talentname,</p><p>​We are looking for a senior developer with Ruby experience. You seem like you are a great fit and we would love to get to know you more!<br><br>Looking forward to chatting!<br><br>Best,</p><p>recruitername</p>",1
21949,3688,"<p>Hi talentname,</p><p><br>We are looking for a senior front-end developer. You seem like you are a great fit and we would love to get to know you more!<br><br>Looking forward to chatting!<br><br>Best,<br><br>recruitername</p>",1
21206,3688,"<p>Hi talentname,</p><p>We are looking for a back-end developer with Ruby experience. You seem like you are a great fit and we would love to get to know you more!<br><br>Looking forward to chatting!<br><br>Best, </p><p>recruitername</p>",1
21207,3688,"<p>Hi talentname,</p><p>​We are looking for a back-end developer with Ruby experience. You seem like you are a great fit and we would love to get to know you more!<br><br>Looking forward to chatting!<br><br>Best, </p><p>recruitername</p>",1
21205,3688,"<p>Hi talentname,</p><p><br>We are looking for a senior developer with Ruby experience. You seem like you are a great fit and we would love to get to know you more!<br><br>Looking forward to chatting!<br><br>Best,<br><br>recruitername <br></p>",1
